sku,title,shopify,amazon,etsy,google,notes
134_TP H__,Ashwood Toilet Paper Holder Vertical,active,B07P8214FS,,yes,etsy: no connector
36_BED _LIGH_,Bed serving tray,active,,,yes,NO AMAZON LISTING FOUND; etsy: no connector
36_BED _DARK_,Bed serving tray beige,active,,,yes,NO AMAZON LISTING FOUND; etsy: no connector
,Buffet Cabinet with Storage,active,,,yes,no sku in shopify; NO AMAZON LISTING FOUND; etsy: no connector
56_SOFA_KHAK_,Burned wooden sofa arm tray table with phone holder,active,B07K6S5QHL,,yes,etsy: no connector
173_HANG_DARK_,Cactus Hangers (set of 6),active,,,yes,NO AMAZON LISTING FOUND; etsy: no connector
185_PHON_WHIT_,Cell phone stand from metal,active,B0851JPTF3,,yes,etsy: no connector
188_PHON_WHIT_,Cell phone stand metal colorful,active,B0851JPTF3,,yes,"amazon match likely, verify; etsy: no connector"
186_PHON_WHIT_,Cell phone stand metal with stripes,active,B0851JPTF3,,yes,"amazon match likely, verify; etsy: no connector"
187_PHON_WHIT_,Cell phone stand metal wood base,active,B0851JPTF3,,yes,"amazon match likely, verify; etsy: no connector"
121_KIDS_PINK_,"Children Wooden Wardrobe, Kids Clothing Rack",active,B09J92HC2J,,yes,etsy: no connector
116_FARM__,Children's small desk (Farmer table),draft,,,no,draft; etsy: no connector
367_COFF_WALN_,Coffee Table - pani,active,B07MZ5KPFV,,yes,etsy: no connector
207_COFF_ASH_,Coffee Table Oval,draft,B07MZ5KPFV,,no,draft; etsy: no connector
243_DESK_1MDF_,Desk accessories - office desk organizers (MDF),active,,,yes,NO AMAZON LISTING FOUND; etsy: no connector
50_MONI__,Desk monitor riser from wood (with bark),active,B0D9YV7D14,,yes,"amazon match likely, verify; etsy: no connector"
141_CHIL_ROCK_,Different shaped kids wall mirror,active,B09QSPXRD3,,yes,etsy: no connector
190_DOG _WHIT_,Dog bowl raised with wood legs,active,,,yes,NO AMAZON LISTING FOUND; etsy: no connector
291_DOG _WHIT_,Elevated dog bowl (Metal and wood triangle),active,,,yes,NO AMAZON LISTING FOUND; etsy: no connector
191_DOG _WHIT_,Elevated dog bowl (Stainless steel),active,,,yes,NO AMAZON LISTING FOUND; etsy: no connector
,EWART WOODS Gift Card,active,,,yes,no sku in shopify; NO AMAZON LISTING FOUND; etsy: no connector
10_META_BEIG3_,"Floating metal shelf with wood panels, Wall Mounted",active,B0D678XL89,,yes,etsy: no connector
184_META_WHIT_,Floating metal wall shelf for plants (WITH HOLE),active,B0C5DJ96PB,,yes,etsy: no connector
336_FLOA_WALN_,Floating Nighstand Set of 2,active,,,yes,NO AMAZON LISTING FOUND; etsy: no connector
334_FLOA_WALN_,Floating Nighstand Small,active,,,yes,NO AMAZON LISTING FOUND; etsy: no connector
353_FLOA_WALN_,Floating Night Stand for Bedroom - Brass Collection,active,B0FN4NTQFR,,yes,etsy: no connector
,Floating Shelf CurveLine,active,B0D678XL89,,yes,no sku in shopify; etsy: no connector
339_SMAL_WALN_,Floating Shelf Small CurveLine,active,B0D678XL89,,yes,etsy: no connector
193_META_WHIT_,Floating wall plant shelf metal with spaces,active,B0D678XL89,,yes,etsy: no connector
299_FLAT_1WAL_,Floating Wall Shelf - Flat (5 Styles),active,B0F9X9MGJM,,yes,etsy: no connector
220_SHEL_WOBLAC_,Floating wall shelf CAPSULE,active,B0D678XL89,,yes,etsy: no connector
351_WOOD_WALN_,Floating Wall Shelf Closed U,active,B0D678XL89,,yes,etsy: no connector
264_EDGE_WALN_,Floating Wall Shelf Curved - Edge,active,B099X2T5CF,,yes,etsy: no connector
267_THIN_WALN_,Floating Wall Shelf Curved - Thin Wave,active,B0F9X9MGJM,,yes,etsy: no connector
346_WOOD_WALN_,Floating Wall Shelf from Wood - Luno,active,B0D678XL89,,yes,etsy: no connector
347_WOOD_WALN_,Floating Wall Shelf from Wood - Pie,active,B0D678XL89,,yes,etsy: no connector
249_WOOD__,Floating Wall Shelf Geometric ( Set of 3),active,B091CQWG9L,,yes,etsy: no connector
199_META_WHIT_,Floating wall shelf half circle with spaces,active,B09CPNRSTZ,,yes,etsy: no connector
33_HEXA_RUST_,Floating wall shelf hexagon,active,B098P9RTQM,,yes,etsy: no connector
180_META_BLAC_,Floating wall shelf metal,active,B0D678XL89,,yes,etsy: no connector
222_META_BLAC_,Floating wall shelf metal (2),active,B0D678XL89,,yes,etsy: no connector
221_META_WHIT_,Floating wall shelf metal hexagon,active,B098P9RTQM,,yes,etsy: no connector
345_WOOD_WALN_,Floating Wall Shelf Oval,active,B0F9X9MGJM,,yes,etsy: no connector
344_WOOD_WALN_,Floating Wall Shelf S Style,active,B0D678XL89,,yes,etsy: no connector
375_SHEL_WENG_,Floating Wall Shelf Wave - istos,active,B0F9X9MGJM,,yes,etsy: no connector
361_WOOD_WALN_,Floating Wall Shelves Circular,active,B098P9RTQM,,yes,etsy: no connector
120_FLOA__,Floating wall shelves for kids - CLOUD shape (SET OF 3),draft,B09FXT55NK,,no,"draft; amazon match likely, verify; etsy: no connector"
,Floating Wall Shelves Set of 3 LOOP,active,B098P9RTQM,,yes,no sku in shopify; etsy: no connector
225_SHEL_BLAC_,"Floating wall shelves, Set of 3, Shelves for Living Room",active,B098P9RTQM,,yes,"amazon match likely, verify; etsy: no connector"
296_PLAN_WALN_,Floor Planter Podium Wooden (set of 3),active,,,yes,NO AMAZON LISTING FOUND; etsy: no connector
332_PLAN_WALN_,Floor Planter Podium Wooden Cubes (set of 3),active,,,yes,NO AMAZON LISTING FOUND; etsy: no connector
334_FLOA_WALN_,Free Standing Nightstand - Brass Collection,active,B0CKXX3QVF,,yes,"amazon match likely, verify; etsy: no connector"
358_NIGH_WALN_,Free Standing Nightstand BOX - Brass Collection,active,,,yes,NO AMAZON LISTING FOUND; etsy: no connector
303_TP H_WALN_,Free Standing Toilet  Paper Holder,draft,B0DB66FBH7,,no,draft; etsy: no connector
369_TP H_WALN_,Free Standing Toilet Paper Holder - kupi,active,B0DB66FBH7,,yes,etsy: no connector
372_TP H_WALN_,Free Standing Toilet Paper Holder U,active,B0DB66FBH7,,yes,etsy: no connector
,Glass coasters (MDF),archived,,,no,archived; no sku in shopify; etsy: no connector
177_EYEG_WHIT_,Glasses holder in face shape,active,,,yes,NO AMAZON LISTING FOUND; etsy: no connector
276_MINI_COL1_,Handmade Miniature wooden Pallets,draft,,,no,draft; etsy: no connector
004_CUP_PALLETS_,Handmade Wooden Cup Coaster Pallets (set of 5),draft,B07MZ5KPFV,,no,"draft; amazon match likely, verify; etsy: no connector"
152_HEAD_GR_H_,Headphone Holder Metal and Wood combination,active,,,yes,NO AMAZON LISTING FOUND; etsy: no connector
145_MIRR_10_,"Hexagon Wall Art, Wall Mosaic",active,B08ZSVTWGX,,yes,etsy: no connector
67_HEXA_LIGH_,Hexagonal coasters for glass cups,draft,,,no,draft; etsy: no connector
205_CURL_WHNA_,Indoor curling game made of wood,active,,,yes,NO AMAZON LISTING FOUND; etsy: no connector
179_JEWE_RED_,Jewelry display storage organizer (Waves),active,B0929DJFHB,,yes,"amazon match likely, verify; etsy: no connector"
178_JEWE_WHIT_,Jewelry display storage organizer stand (zigzag),active,B08ZVJ9S7N,,yes,"amazon match likely, verify; etsy: no connector"
179_LIN_WHIT_,Jewelry storage holder (Lines),active,B08ZVJ9S7N,,yes,"amazon match likely, verify; etsy: no connector"
115_TOY _WHIT_,Kids toy storage box (Bus),active,B09J564TDG,,yes,etsy: no connector
115_TOY _YELL_,Kids toy storage box (School Bus),active,B09J564TDG,,yes,etsy: no connector
,Kids Wooden Bookshelves CAPSULE,active,,,yes,no sku in shopify; NO AMAZON LISTING FOUND; etsy: no connector
,Kids wooden chair and table,draft,,,no,draft; no sku in shopify; etsy: no connector
,Kitchen Utensil holder beige,draft,B08ZVJ9S7N,,no,"draft; no sku in shopify; amazon match likely, verify; etsy: no connector"
24_META_A_,"Kitchen utensil holder boxes, Cutlery Organizers",active,,,yes,NO AMAZON LISTING FOUND; etsy: no connector
,Kitchen Utensil holder hexagonal,draft,B08ZVJ9S7N,,no,"draft; no sku in shopify; amazon match likely, verify; etsy: no connector"
3_UTEN_RUST_,"Kitchen Utensil Holder, Kitchen Tableware Organizer (Rusted)",active,,,yes,NO AMAZON LISTING FOUND; etsy: no connector
3_UTEN_META_,"Kitchen Utensil Holder, Metal Utensil Organizer",active,B0929DJFHB,,yes,"amazon match likely, verify; etsy: no connector"
140_KNIF_YELL_,Knife Block (Colorful),active,B08ZVJ9S7N,,yes,etsy: no connector
292_KNIF_SILV_,Knife Display Stand (Luxury Color),active,B08ZVJ9S7N,,yes,etsy: no connector
292_KNIF_SILV_,Knife Holder Stand,active,B08ZVJ9S7N,,yes,etsy: no connector
85_KNIF_LARG_,Knife storage stand,active,B08ZVJ9S7N,,yes,etsy: no connector
209_LED __,Light erase board,draft,,,no,draft; etsy: no connector
003_USB_L_BLUE_GR_,Linen Print & USB Flash Drive Box (USB not included),draft,,,no,draft; etsy: no connector
368_LIVI_WALN_,Living Room Table,active,,,yes,NO AMAZON LISTING FOUND; etsy: no connector
87_MAGN_DARK_,Magnetic Key holder,active,,,yes,NO AMAZON LISTING FOUND; etsy: no connector
85_KNIF_LARG_,Metal and wood kitchen knife holder,active,B08ZVJ9S7N,,yes,etsy: no connector
324_META_WHIT_,Metal Bookshelves for Nursery - BUS,active,,,yes,NO AMAZON LISTING FOUND; etsy: no connector
,Metal Bookshelves for Nursery - CLOUD,active,,,yes,no sku in shopify; NO AMAZON LISTING FOUND; etsy: no connector
313_META_WHIT_,Metal Bookshelves for Nursery/ Kids Room,active,B09QSPXRD3,,yes,"amazon match likely, verify; etsy: no connector"
282_META_TZDB_,Metal Corner Shelves (set of 2),active,,,yes,NO AMAZON LISTING FOUND; etsy: no connector
295_META_BLAC_,Metal Corner Shelves Diamond (Set of 2),active,,,yes,NO AMAZON LISTING FOUND; etsy: no connector
156_META_WHIT_,Metal floating wall shelf for plants,active,B0FDL26QRZ,,yes,etsy: no connector
68_BOWL_ST1B_,Metal fruit bowl,active,B092DM6RRQ,,yes,etsy: no connector
,Metal Shoe Rack CAVALLO,active,,,yes,no sku in shopify; NO AMAZON LISTING FOUND; etsy: no connector
271_META__,Metal Towel Holder Horizontal,active,B07T2D1T65,,yes,etsy: no connector
73_TOWE__,Metal towel rack,active,,,yes,NO AMAZON LISTING FOUND; etsy: no connector
80_SHEL__,Metal wall hanging shelf of brass,active,B098P9RTQM,,yes,etsy: no connector
41_HANG__,"Metal wall hooks Circle, Modern hangers for bathroom",active,B07Q8XGXKM,,yes,etsy: no connector
189_META_WHIT_,Metal Wall Shelf FACE,active,,,yes,NO AMAZON LISTING FOUND; etsy: no connector
293_META_BLAC_,Metal Wall Shelf Perforated Display,active,B0FDL26QRZ,,yes,etsy: no connector
294_META_BLAC_,Metal Wall Shelf Perforated Folded,active,,,yes,NO AMAZON LISTING FOUND; etsy: no connector
254_META_BLAC_,Metal Wall Shelves (White/Black),active,B0D73SPNKP,,yes,etsy: no connector
355_MONI_WALN_,Monitor Stand with Storage Compartments,active,B08ZVJ9S7N,,yes,"amazon match likely, verify; etsy: no connector"
297_KIDS__,Montessori Toy Rings,draft,,,no,draft; etsy: no connector
,"Motorcycle Helmet Hooks, Wood Hook",active,,,yes,no sku in shopify; NO AMAZON LISTING FOUND; etsy: no connector
40_CUP _VARN_,Mug holder stand,active,B08ZVJ9S7N,,yes,etsy: no connector
003_MULTI_SET_,Multifunctional Play equipment SET (Mini SET),active,,,yes,NO AMAZON LISTING FOUND; etsy: no connector
,Multifunctional Play equipment SET (Swing House),draft,,,no,draft; no sku in shopify; etsy: no connector
,Multifunctional Playhouse SET (Juice shop),draft,,,no,draft; no sku in shopify; etsy: no connector
,Multifunctional Playhouse SET (Ship),draft,,,no,draft; no sku in shopify; etsy: no connector
,Multifunctional SET  (Triangle with slide) in white color,draft,,,no,draft; no sku in shopify; etsy: no connector
,Multifunctional SET (Triangle),draft,,,no,draft; no sku in shopify; etsy: no connector
,Multifunctional SET (Triangle+slide),draft,,,no,draft; no sku in shopify; etsy: no connector
003_MULTI_YELL_SET_,Multifunctional triangle for Kids (Yellow),draft,,,no,draft; etsy: no connector
22_NIGH_DARK_,Nightstand bedside table,active,B0DVLWS93B,,yes,etsy: no connector
246_DESK_1_,Office table organizer,active,,,yes,NO AMAZON LISTING FOUND; etsy: no connector
81_PAPE_BLAC_,Paper towel holder of marble,active,B07T2D1T65,,yes,etsy: no connector
337_PICT_WALN_,Picture Ledge Shelf,active,B0F38RL23K,,yes,etsy: no connector
,Plant Stand BOX CAVALLO,active,B0FDGB5894,,yes,"no sku in shopify; amazon match likely, verify; etsy: no connector"
,Plant Stand CAVALLO,active,B0FDGB5894,,yes,no sku in shopify; etsy: no connector
350_PLAN_WALN_,Plant Stand Nordic Blocks,active,B0FDGB5894,,yes,"amazon match likely, verify; etsy: no connector"
122_BALA_PRINT_,Printed wooden balance beams,draft,,,no,draft; etsy: no connector
287_TOWE_WALN_,Rolled Towel Holder Bridge,active,B0D87QFC2N,,yes,etsy: no connector
309_TOIL_WALN_,Rolled Towel Holder from Wood,active,B0D87QFC2N,,yes,etsy: no connector
365_RUST_ASH_,Rusted Floating Nightstand,active,B0DVLWS93B,,yes,etsy: no connector
306_ELLI_SMAL_,"Rustic Metal Shelf for Wall, Industrial Design Ellipse",active,,,yes,NO AMAZON LISTING FOUND; etsy: no connector
100_SHEL_SMAL_,Rustic metal shelves (set of 3),active,,,yes,NO AMAZON LISTING FOUND; etsy: no connector
79_SHEL__,Rustic metal wall hanging shelf,active,B098P9RTQM,,yes,etsy: no connector
,Sculptural Wave Shelf - elika,active,,,yes,no sku in shopify; NO AMAZON LISTING FOUND; etsy: no connector
005_SERV_BLACK_,Serving tray for breakfast (dark and light),active,,,yes,NO AMAZON LISTING FOUND; etsy: no connector
223_WOOD_1 WA_,Set of 10 wood clothes hangers,active,B0851JWTPC,,yes,etsy: no connector
223_WOOD_1 WA_,Set of 4 clothes rack,active,B09J92HC2J,,yes,etsy: no connector
,Shoe Rack Curved CAVALLO,active,,,yes,no sku in shopify; NO AMAZON LISTING FOUND; etsy: no connector
65_SHEL_RED_,"Small Metal Wall hanging shelf, Plant Shelf, Shelf for Decors",active,B0FRMXRB96,,yes,etsy: no connector
155_PHON_1WAL_,Smartphone wooden stand,active,,,yes,NO AMAZON LISTING FOUND; etsy: no connector
371_SNAC_WALN_,Snack Table - timoni,active,,,yes,NO AMAZON LISTING FOUND; etsy: no connector
56_SOFA_PH1 _,Sofa arm tray (dark brown),draft,B07D8T3V4V,,no,draft; etsy: no connector
56_SOFA_PH1 _,Sofa arm tray (grey),draft,B07D8T3V4V,,no,draft; etsy: no connector
56_SOFA_PH1 _,Sofa arm tray (light),draft,B07D8T3V4V,,no,draft; etsy: no connector
56_SOFA_FR2 _,Sofa arm tray (natural),draft,B07D8T3V4V,,no,draft; etsy: no connector
56_SOFA_PH10_,Sofa arm tray (New grey),active,B07D8T3V4V,,yes,etsy: no connector
56_SOFA_PH6 _,Sofa arm tray (Red),draft,B07D8T3V4V,,no,draft; etsy: no connector
56_SOFA_PH1 _,Sofa arm tray (yellow),draft,B07D8T3V4V,,no,draft; etsy: no connector
56_SOFA_PH B_,Sofa arm tray bright colors,draft,B07D8T3V4V,,no,draft; etsy: no connector
56_SOFA_WALN_,Sofa arm tray exotic colors,draft,B07D8T3V4V,,no,draft; etsy: no connector
,Speaker Shelf - Brass Collection,active,,,yes,no sku in shopify; NO AMAZON LISTING FOUND; etsy: no connector
91_SPIC_1_,Spice rack,active,B0929DJFHB,,yes,etsy: no connector
302_HAND_S_WALN_,Tabletop Toilet Paper Holder,active,B07T2D1T65,,yes,etsy: no connector
378_PLAN_WENG_,Tall Plant Stand WAVE,active,B0H5QH44LR,,yes,etsy: no connector
114_PIKL__,Toddler climbing bars frame  (Square gym),active,,,yes,NO AMAZON LISTING FOUND; etsy: no connector
270_TP H_WALN_,Toilet Paper Holder -  CLOUD,active,B0DJ373F4H,,yes,etsy: no connector
287_TOWE_WALN_,Toilet Paper Holder - Bridge,active,B07T2D1T65,,yes,etsy: no connector
49_TP H__,Toilet Paper Holder - DROP,active,B07T2D1T65,,yes,etsy: no connector
284_TP M_ASH_,Toilet Paper Holder - MINI SMILE,active,B07P8214FS,,yes,etsy: no connector
283_TP S_ASH_,Toilet Paper Holder - SMILE,active,B07T2D1T65,,yes,etsy: no connector
60_TP H_WOOD_,Toilet paper holder - WAVE,active,B07T2D1T65,,yes,etsy: no connector
64_TP H_WOOD_,Toilet Paper Holder BRICKS,active,B07T2D1T65,,yes,etsy: no connector
217_TP H_L_,Toilet paper holder burned wood,active,B07T2D1T65,,yes,etsy: no connector
281_TP H__,Toilet Paper Holder Half Circle,active,B07P8214FS,,yes,etsy: no connector
154_TP M__,Toilet paper holder metal BRICKS (dark grey),active,B07P8214FS,,yes,etsy: no connector
63_TP H_WOOD_,Toilet paper holder MINI Honeycomb,active,B07P8214FS,,yes,etsy: no connector
74_TP H__,Toilet paper holder mini metal and wood combination,active,B07P8214FS,,yes,etsy: no connector
48_TP H__,Toilet paper holder mini metal V shape,active,B07P8214FS,,yes,etsy: no connector
208__BLAC_,Toilet paper holder stand Coral,draft,B07P8214FS,,no,draft; etsy: no connector
331_TP H_WALN_,Toilet Paper Holder U shape,active,B07T2D1T65,,yes,etsy: no connector
64_TP H_WOOD_,Toilet paper holder wall mounted Bricks,active,B07T2D1T65,,yes,etsy: no connector
63_TP H_WOOD_,Toilet paper holder wall mounted MINI Honeycomb,active,B07P8214FS,,yes,etsy: no connector
218_TP H_BURN_,Toilet paper holder with shelf,active,B07T2D1T65,,yes,etsy: no connector
226_TP H_WHIT_,Toilet paper holder ZigZag,draft,B07T2D1T65,,no,draft; etsy: no connector
341_TOWE_WALN_,Towel Holder - Rustic Wave,active,B0DB5SFNCP,,yes,etsy: no connector
274_TOWE_BLAC_,Towel Holder Ashwood and Metal,active,B07T2D1T65,,yes,etsy: no connector
342_TOWE_WALN_,Towel Holder Wave with Shelf,active,B07T2D1T65,,yes,etsy: no connector
Beige,Towel rack bathroom towels holder,active,B0DB5SFNCP,,yes,etsy: no connector
32_TOWE_BEIG_,"Towel rack with mirror, Towel holder (beige; rustic)",active,B0DB5SFNCP,,yes,"amazon match likely, verify; etsy: no connector"
78_TOWE__,Towels holder solid steel metal,draft,B098QRN8G5,,no,"draft; amazon match likely, verify; etsy: no connector"
,Transformable  climber Triangle SET (white colour),draft,,,no,draft; no sku in shopify; etsy: no connector
,Triangle Play Equipment for Kids 3in1 Learning Play (Blue),active,,,yes,no sku in shopify; NO AMAZON LISTING FOUND; etsy: no connector
366_TV T_WALN_,TV table - Brass collection,active,,,yes,NO AMAZON LISTING FOUND; etsy: no connector
362_UMBR_WALN_,Umbrella Stand - Brass Collection,active,,,yes,NO AMAZON LISTING FOUND; etsy: no connector
70_UTEN_ROSE_,"Utensil holder, Cutlery Organizer, Silverware holder",active,,,yes,NO AMAZON LISTING FOUND; etsy: no connector
56_SOFA_PHVI_,Vintage wooden sofa arm tray table,active,B07D8T3V4V,,yes,etsy: no connector
,Vinyl Record Shelf - Brass Collection,active,B0FPXFZFTV,,yes,"no sku in shopify; amazon match likely, verify; etsy: no connector"
382_CLOT_WENG_,Wall Coat Rack - Cavallo,active,B0CKXX3QVF,,yes,etsy: no connector
196_META_WHIT_,Wall floating plant shelf with spaces,active,B0D678XL89,,yes,etsy: no connector
46_HANG__,Wall hanger with 5 white metal hooks,active,,,yes,NO AMAZON LISTING FOUND; etsy: no connector
165_HANG__,Wall hanger with hooks,active,,,yes,NO AMAZON LISTING FOUND; etsy: no connector
51_WALL__,Wall hanger with metal hooks,active,,,yes,NO AMAZON LISTING FOUND; etsy: no connector
10_META_GREE_,Wall hanging shelf with rounded edges,active,B098P9RTQM,,yes,"amazon match likely, verify; etsy: no connector"
174_CAT _WHIT_,Wall Mounted Cat Perch metal shelves,active,,,yes,NO AMAZON LISTING FOUND; etsy: no connector
219_KEY __,Wall mounted key holder shelf metal,active,B07T2D1T65,,yes,etsy: no connector
370_TP H_WALN_,Wall Mounted Toilet Paper Holder - angyra,active,B07T2D1T65,,yes,etsy: no connector
181_WATC_WHIT_,Watch display stand ZigZag,active,B08ZVJ9S7N,,yes,"amazon match likely, verify; etsy: no connector"
,White boat,active,,,yes,no sku in shopify; NO AMAZON LISTING FOUND; etsy: no connector
69_BOWL_BLAC_,White Bowl,active,,,yes,NO AMAZON LISTING FOUND; etsy: no connector
,White Bridge,active,,,yes,no sku in shopify; NO AMAZON LISTING FOUND; etsy: no connector
,White Classic,active,,,yes,no sku in shopify; NO AMAZON LISTING FOUND; etsy: no connector
,White CLOUD,active,,,yes,no sku in shopify; NO AMAZON LISTING FOUND; etsy: no connector
,White cube,active,,,yes,no sku in shopify; NO AMAZON LISTING FOUND; etsy: no connector
,White CurveLine,active,,,yes,no sku in shopify; NO AMAZON LISTING FOUND; etsy: no connector
260_META_SET3_,white ELLIPSE,active,,,yes,NO AMAZON LISTING FOUND; etsy: no connector
,White piano,active,,,yes,no sku in shopify; NO AMAZON LISTING FOUND; etsy: no connector
,White SMILE,active,,,yes,no sku in shopify; NO AMAZON LISTING FOUND; etsy: no connector
331_TP H_WALN_,White U,active,,,yes,NO AMAZON LISTING FOUND; etsy: no connector
,White WAVE,active,,,yes,no sku in shopify; NO AMAZON LISTING FOUND; etsy: no connector
,White wide,active,,,yes,no sku in shopify; NO AMAZON LISTING FOUND; etsy: no connector
4H-76FB-XVSH,Wine bottle stand,active,,,yes,NO AMAZON LISTING FOUND; etsy: no connector
250_WOOD__,Wood Bedside Lamp Round ECLIPSE,active,,,yes,NO AMAZON LISTING FOUND; etsy: no connector
298_CORN_WALN_,Wood Corner Shelf -  Edge,active,B0D678XL89,,yes,etsy: no connector
363_WOOD_WALN_,Wood Hanger for Hallway - Brass Collection,active,,,yes,NO AMAZON LISTING FOUND; etsy: no connector
158_3 IN__,Wood miniature pallet desk organize,draft,,,no,draft; etsy: no connector
304_MONI_WALN_,Wood Monitor Stand Curved Design,active,B0D9YV7D14,,yes,etsy: no connector
57_STEP_WHPA_,Wood Step Stool (Dog),active,B086V8Z2X5,,yes,etsy: no connector
57_STEP_WHPA_,Wood Step Stool (Geometric),active,B086V8Z2X5,,yes,etsy: no connector
57_STEP_WHPA_,Wood Step Stool (Paws),active,B086V8Z2X5,,yes,etsy: no connector
300_TWO _WALN_,Wood Step Stool - Adjustable,active,B086V8Z2X5,,yes,etsy: no connector
343_STEP_WALN_,Wood Step Stool - Potty,active,B086V8Z2X5,,yes,etsy: no connector
277_TP H__,Wood Toilet Paper Holder Circle (Set of 3),active,B07T2D1T65,,yes,etsy: no connector
47_TP WALN_,Wood toilet paper roll holder - LEAF,active,B0DB66FBH7,,yes,etsy: no connector
240_HEXA_LIGH_,Wood wall hook bathroom towel rack,active,B07T2D1T65,,yes,"amazon match likely, verify; etsy: no connector"
289_TOWE_WALN_,Wood Wall Towel Holder - Moon,active,B07T2D1T65,,yes,etsy: no connector
131_BALA_1 DO_,Wooden Balance Beam connectors,active,,,yes,NO AMAZON LISTING FOUND; etsy: no connector
122_BALA_WOOD_,Wooden Balance Beams,draft,,,no,draft; etsy: no connector
2_NATUR_LIRA,Wooden box for USB flash drives and photo (USB not included),archived,,,no,archived; etsy: no connector
286_SHEL__,Wooden Classic Floating Wall Hanging Shelf - Simple Wave,active,B0D5RB5P6T,,yes,etsy: no connector
35_COAT_WOOD_,"Wooden Coat Rack Free Standing (Walnut, Ash)",active,B0CKXX3QVF,,yes,etsy: no connector
31_VIRT__,Wooden cookery heat coaster,draft,,,no,draft; etsy: no connector
348_WOOD_WALN_,Wooden Floating Wall Shelf - Fish,active,B0F9PF33XF,,yes,etsy: no connector
54_SHEL_WENG_,Wooden Floating Wall Shelf Curved Wave,active,B099X2T5CF,,yes,etsy: no connector
349_WOOD_WALN_,Wooden Floating Wall Shelf Set - Nordic Blocks,active,B0F9X9MGJM,,yes,etsy: no connector
360_WOOD__,Wooden Geometric Shelf Small (Set of 2),active,B091CQWG9L,,yes,etsy: no connector
135_BALA_3_,Wooden hexagon shape balance beam,active,,,yes,NO AMAZON LISTING FOUND; etsy: no connector
112_CHIL__,Wooden kids chalkboard easel,active,,,yes,NO AMAZON LISTING FOUND; etsy: no connector
86_KNIF__,Wooden Knife Holder Wall Mounted,active,B08ZVJ9S7N,,yes,etsy: no connector
34_COMP_NAT_,Wooden lap top stand,draft,,,no,draft; etsy: no connector
34_COMP_NAT_,Wooden laptop holder,draft,,,no,draft; etsy: no connector
155_PHON_1WAL_,Wooden phone stand,active,B0851JPTF3,,yes,etsy: no connector
119_VIKI__,Wooden play gym for baby (Viking theme),active,,,yes,NO AMAZON LISTING FOUND; etsy: no connector
19_CAKE__,Wooden round cake stand,draft,,,no,draft; etsy: no connector
117_WOOD_DUCK_,Wooden stepping stones (Animal footprint),active,,,yes,NO AMAZON LISTING FOUND; etsy: no connector
127_WOOD_RODINO_,Wooden stepping stones WITH rope (Animal footprint),active,,,yes,NO AMAZON LISTING FOUND; etsy: no connector
58_TP H__,Wooden toilet paper shelf HONEYCOMB,active,B07T2D1T65,,yes,etsy: no connector
118_TOY __,Wooden toy box on wheels (Whale),draft,B09J564TDG,,no,"draft; amazon match likely, verify; etsy: no connector"
110_WOOD_DOGR_,Wooden Toy Storage Box Cube (Set of 2),active,B09J564TDG,,yes,etsy: no connector
359_WOOD_WALN_,Wooden Wall Mounted Planter,active,,,yes,NO AMAZON LISTING FOUND; etsy: no connector
77_SHEL_B092_,Wooden wall shelf with brackets,active,,,yes,NO AMAZON LISTING FOUND; etsy: no connector
66_SHEL__,Wooden wall shelf with metal construction,active,,,yes,NO AMAZON LISTING FOUND; etsy: no connector
257_WINE__,Wooden Wine and Glass Holder (V type),active,,,yes,NO AMAZON LISTING FOUND; etsy: no connector
256_WINE__,Wooden Wine and Glass Holder Box,active,,,yes,NO AMAZON LISTING FOUND; etsy: no connector
000_WORLD_MAP_,"World Map made of Wood, Wall Decor",active,,,yes,NO AMAZON LISTING FOUND; etsy: no connector
